--INSERTAMOS DATOS EN LA TABLA FABRICANTES. HAY QUE AUMENTAR EL TAMAÑO DEL
--NOMBRE, DEBIDO A QUE SE HABÍAN ASIGNADO 20 CARCATERES MAX Y HAY UNO MAYOR

/*ALTER TABLE FABRICANTES
ALTER COLUMN NOMBRE VARCHAR(25) NOT NULL*/



INSERT INTO FABRICANTES VALUES
('F0000001','Philips Morris','USA');
INSERT INTO FABRICANTES VALUES
('F0000002','Tabacalera S.A.','España');
INSERT INTO FABRICANTES VALUES
('F0000003','R.J. Reynolds Tobaco Co.','Turquia');

--INSERCCION EN LA TABLA CIGARRILLO
INSERT INTO cigarrillo VALUES
('F0000001','M0000001','Malboro')
INSERT INTO cigarrillo VALUES
('F0000002','M0000001','Coronas')
INSERT INTO cigarrillo VALUES
('F0000003','M0000001','Camel')
INSERT INTO cigarrillo VALUES
('F0000002','M0000002','Rex')
INSERT INTO cigarrillo VALUES
('F0000002','M0000003','Ducados')
INSERT INTO cigarrillo VALUES
('F0000002','M0000004','Fortuna')

--Inserción en la tabla manufactura

INSERT INTO MANUFACTURA VALUES
('F0000001','M0000001',10,20);
INSERT INTO MANUFACTURA VALUES
('F0000002','M0000001',20,20);
INSERT INTO MANUFACTURA VALUES
('F0000003','M0000001',20,20);
INSERT INTO MANUFACTURA VALUES
('F0000002','M0000002',20,20);
INSERT INTO MANUFACTURA VALUES
('F0000002','M0000003',20,20);
INSERT INTO MANUFACTURA VALUES
('F0000002','M0000004',20,20);

--Insercion en la tabla TIPO_CIGARRILLO


INSERT INTO TIPO_CIGARRILLO
VALUES('F0000003','M0000001','T0000001','N','R','Normal','N',1.1,15,2,1.75,2);
INSERT INTO TIPO_CIGARRILLO
VALUES('F0000003','M0000001','T0000002','N','R','Light','N',1.0,13,2,1.75,2);
INSERT INTO TIPO_CIGARRILLO
VALUES('F0000002','M0000001','T0000001','S','N','Normal','N',1.1,15,2,1.75,2);
INSERT INTO TIPO_CIGARRILLO
VALUES('F0000002','M0000001','T0000002','S','N','SuperLight','S',0.9,15,1.75,1.65,2);
INSERT INTO TIPO_CIGARRILLO
VALUES('F0000002','M0000002','T0000001','S','N','SuperLight','N',0.9,15,1.25,1,1.5);
INSERT INTO TIPO_CIGARRILLO
VALUES('F0000001','M0000001','T0000001','S','R','Normal','N',1.1,15,2,1.75,2);
INSERT INTO TIPO_CIGARRILLO
VALUES('F0000001','M0000001','T0000002','S','R','Normal','S',1.1,15,2.1,1.8,2.5);
INSERT INTO TIPO_CIGARRILLO
VALUES('F0000002','M0000004','T0000001','S','R','Normal','N',1.1,15,2,1.75,2.5);
INSERT INTO TIPO_CIGARRILLO
VALUES('F0000002','M0000003','T0000001','S','N','Normal','N',1.1,15,1,0.75,2.5);


--Insercion en la tabla estanco

INSERT INTO ESTANCO VALUES
('00100100S','La Pajarita',0001,10001,'Ava España,10','Caceres',
'Caceres');
INSERT INTO ESTANCO VALUES
('00100101J','El Clavel',0002,10005,'Plaza Argel,8','Caceres',
'Caceres');
INSERT INTO ESTANCO VALUES
('00100200A','El Nido',0003,10200,'Ramon y Cajal,21','Trujillo',
'Caceres');

--Inserción en la tabla ALMACEN

INSERT INTO ALMACEN VALUES(
'00100100S','F0000003','M0000001','T0000001',200);
INSERT INTO ALMACEN VALUES(
'00100100S','F0000003','M0000001','T0000002',120);
INSERT INTO ALMACEN VALUES(
'00100100S','F0000002','M0000001','T0000001',100);
INSERT INTO ALMACEN VALUES(
'00100100S','F0000002','M0000001','T0000002',50);
INSERT INTO ALMACEN VALUES(
'00100100S','F0000002','M0000002','T0000001',40);
INSERT INTO ALMACEN VALUES(
'00100100S','F0000001','M0000001','T0000001',40);
INSERT INTO ALMACEN VALUES(
'00100100S','F0000001','M0000001','T0000002',300);
INSERT INTO ALMACEN VALUES(
'00100100S','F0000002','M0000004','T0000001',350);
INSERT INTO ALMACEN VALUES(
'00100100S','F0000002','M0000003','T0000001',100);
INSERT INTO ALMACEN VALUES(
'00100101J','F0000003','M0000001','T0000002',80);
INSERT INTO ALMACEN VALUES(
'00100101J','F0000002','M0000002','T0000001',40);
INSERT INTO ALMACEN VALUES(
'00100200A','F0000001','M0000001','T0000001',41);
INSERT INTO ALMACEN VALUES(
'00100200A','F0000001','M0000001','T0000002',30);

--inserciones en compras
INSERT INTO COMPRAS VALUES(
'00100100S','F0000003','M0000001','T0000001','2016-1-1',200);
INSERT INTO COMPRAS VALUES(
'00100100S','F0000001','M0000001','T0000002','2016-1-2',120);
INSERT INTO COMPRAS VALUES(
'00100100S','F0000002','M0000001','T0000001','2016-2-17',100);
INSERT INTO COMPRAS VALUES(
'00100100S','F0000001','M0000001','T0000002','2016-1-5',50);
INSERT INTO COMPRAS VALUES(
'00100100S','F0000002','M0000002','T0000001','2016-1-10',40);
INSERT INTO COMPRAS VALUES(
'00100100S','F0000001','M0000001','T0000001','2016-1-15',40);
INSERT INTO COMPRAS VALUES(
'00100100S','F0000001','M0000001','T0000002','2016-1-9',300);
INSERT INTO COMPRAS VALUES(
'00100101J','F0000002','M0000001','T0000001','2015-12-10',80);
INSERT INTO COMPRAS VALUES(
'00100101J','F0000002','M0000003','T0000001','2015-12-1',40);
INSERT INTO COMPRAS VALUES(
'00100200A','F0000001','M0000001','T0000001','2015-12-2',41);
INSERT INTO COMPRAS VALUES(
'00100200A','F0000001','M0000001','T0000001','2015-12-3',30);


--inserciones en ventas
INSERT INTO VENTAS VALUES(
'00100100S','F0000003','M0000001','T0000001','2016-1-20',100);
INSERT INTO VENTAS VALUES(
'00100100S','F0000003','M0000001','T0000002','2016-1-20',70);
INSERT INTO VENTAS VALUES(
'00100100S','F0000002','M0000001','T0000001','2015-12-9',50);
INSERT INTO VENTAS VALUES(
'00100100S','F0000002','M0000001','T0000002','2015-12-3',60);
INSERT INTO VENTAS VALUES(
'00100100S','F0000002','M0000002','T0000001','2015-12-11',50);
INSERT INTO VENTAS VALUES(
'00100100S','F0000001','M0000001','T0000001','2015-11-4',10);
INSERT INTO VENTAS VALUES(
'00100100S','F0000001','M0000001','T0000002','2015-12-27',250);
INSERT INTO VENTAS VALUES(
'00100101J','F0000002','M0000001','T0000001','2016-1-25',90);
INSERT INTO VENTAS VALUES(
'00100101J','F0000002','M0000003','T0000001','2014-1-16',200);
INSERT INTO VENTAS VALUES(
'00100200A','F0000001','M0000001','T0000001','2016-2-1',70);
INSERT INTO VENTAS VALUES(
'00100200A','F0000001','M0000001','T0000002','2016-1-30',25);






 

